{
  "posts": [
    {
      "id": 1,
      "title": "json-server",
      "author": "typicode"
    }
  ],
  "comments": [
    {
      "id": 1,
      "body": "some comment",
      "postId": 1
    }
  ],
  "profile": {
    "name": "typicode"
  },
  "games":[{
    "id":1,
    "gName":"Shooting",
    "price":"Rs 105"
  },
  {
    "id":2,
    "gName":"Angry Birds",
    "price":"Rs 95"
  },
  {
    "id":3,
    "gName":"Temple Run",
    "price":"Rs 200"
  },
  {
    "id":4,
    "gName":"Bike Race",
    "price":"Rs 90"
  },
  {
    "id":5,
    "gName":"Air Control",
    "price":"Rs 800"
  }
]
}